<?xml version="1.0" encoding="UTF-8"?>
<project-private xmlns="http://www.netbeans.org/ns/project-private/1">
    <editor-bookmarks xmlns="http://www.netbeans.org/ns/editor-bookmarks/2" lastBookmarkId="0"/>
    <open-files xmlns="http://www.netbeans.org/ns/projectui-open-files/2">
        <group>
            <file>file:/C:/Users/fabri/OneDrive/Escritorio/PDF%20Ciclo%204/POO/Trabajos%20POO/TRABAJO_FINAL/src/DATOS/Varilla.java</file>
            <file>file:/C:/Users/fabri/OneDrive/Escritorio/PDF%20Ciclo%204/POO/Trabajos%20POO/TRABAJO_FINAL/src/DATOS/Retazo.java</file>
            <file>file:/C:/Users/fabri/OneDrive/Escritorio/PDF%20Ciclo%204/POO/Trabajos%20POO/TRABAJO_FINAL/src/DATOS/frmVentanadePrueba.java</file>
        </group>
    </open-files>
</project-private>
